[{"_type":"AG+Params, Assembly-CSharp","comidaInicio":56.2499962,"ouroInicio":43.75,"qntTrabalhadores":55,"qntRecursosMin":742,"comidaMeio":54.0146,"ouroMeio":45.9854,"infantaria":8.759124,"arqueiro":20.4379559,"cavalaria":70.80292,"qntTropaParaAtaque":334},{"_type":"AG+Params, Assembly-CSharp","comidaInicio":35.2518,"ouroInicio":64.74821,"qntTrabalhadores":34,"qntRecursosMin":167,"comidaMeio":11.0091743,"ouroMeio":88.99082,"infantaria":50.87719,"arqueiro":43.8596458,"cavalaria":5.263158,"qntTropaParaAtaque":84},{"_type":"AG+Params, Assembly-CSharp","comidaInicio":25.9541988,"ouroInicio":74.0458,"qntTrabalhadores":58,"qntRecursosMin":508,"comidaMeio":41.37931,"ouroMeio":58.62069,"infantaria":51.449276,"arqueiro":28.26087,"cavalaria":20.289856,"qntTropaParaAtaque":361},{"_type":"AG+Params, Assembly-CSharp","comidaInicio":41.3333359,"ouroInicio":58.6666679,"qntTrabalhadores":76,"qntRecursosMin":247,"comidaMeio":97.22222,"ouroMeio":2.77777767,"infantaria":9.15493,"arqueiro":28.169014,"cavalaria":62.6760559,"qntTropaParaAtaque":112},{"_type":"AG+Params, Assembly-CSharp","comidaInicio":64.1791,"ouroInicio":35.8208923,"qntTrabalhadores":74,"qntRecursosMin":222,"comidaMeio":32.65306,"ouroMeio":67.34694,"infantaria":24.1935482,"arqueiro":34.6774178,"cavalaria":41.1290321,"qntTropaParaAtaque":266},{"_type":"AG+Params, Assembly-CSharp","comidaInicio":45.7627144,"ouroInicio":54.23729,"qntTrabalhadores":7,"qntRecursosMin":176,"comidaMeio":34.4827576,"ouroMeio":65.51724,"infantaria":60.57692,"arqueiro":25.9615383,"cavalaria":13.4615383,"qntTropaParaAtaque":230},{"_type":"AG+Params, Assembly-CSharp","comidaInicio":67.1875,"ouroInicio":32.8125,"qntTrabalhadores":18,"qntRecursosMin":181,"comidaMeio":71.42857,"ouroMeio":28.57143,"infantaria":40.2439041,"arqueiro":30.8943081,"cavalaria":28.8617878,"qntTropaParaAtaque":161},{"_type":"AG+Params, Assembly-CSharp","comidaInicio":40.17857,"ouroInicio":59.8214264,"qntTrabalhadores":55,"qntRecursosMin":988,"comidaMeio":34.95935,"ouroMeio":65.04065,"infantaria":30.6451626,"arqueiro":29.032259,"cavalaria":40.3225822,"qntTropaParaAtaque":146}]