[{"_type":"Params, Assembly-CSharp","comidaInicio":56.2499962,"ouroInicio":43.75,"qntTrabalhadores":55,"qntRecursosMin":742,"comidaMeio":54.0146,"ouroMeio":45.9854,"infantaria":8.759124,"arqueiro":20.4379559,"cavalaria":70.80292,"qntTropaParaAtaque":334},{"_type":"Params, Assembly-CSharp","comidaInicio":35.2518,"ouroInicio":64.74821,"qntTrabalhadores":34,"qntRecursosMin":167,"comidaMeio":11.0091743,"ouroMeio":88.99082,"infantaria":50.87719,"arqueiro":43.8596458,"cavalaria":5.263158,"qntTropaParaAtaque":84}]