{"tiles":"[{\"_type\":\"TileDao, Assembly-CSharp\",\"name\":\"Grass\",\"model\":\"tile_Grass\",\"isWalkable\":true,\"canBuild\":true,\"terraineType\":1},{\"_type\":\"TileDao, Assembly-CSharp\",\"name\":\"Water\",\"model\":\"tile_Water\",\"isWalkable\":false,\"canBuild\":false,\"terraineType\":1},{\"_type\":\"TileDao, Assembly-CSharp\",\"name\":\"Bridge\",\"model\":\"tile_Bridge\",\"isWalkable\":true,\"canBuild\":false,\"terraineType\":1}]","baseMaterials":"[{\"_type\":\"BaseMaterialDao, Assembly-CSharp\",\"name\":\"Gold\",\"icon\":\"Images/material_Gold\"},{\"_type\":\"BaseMaterialDao, Assembly-CSharp\",\"name\":\"Meat\",\"icon\":\"Images/material_Meat\"}]","mapComponents":"[{\"_type\":\"MaterialSourceDao, Assembly-CSharp\",\"name\":\"Gold\",\"model\":\"mats_Gold\",\"quantityTotal\":\"999999999999999999\",\"baseMaterial\":{\"_type\":\"BaseMaterialDao, Assembly-CSharp\",\"name\":\"Gold\",\"icon\":\"Images/material_Gold\"}},{\"_type\":\"MapComponentDao, Assembly-CSharp\",\"name\":\"Tree\",\"model\":\"mc_Tree\"}]","buildings":"[{\"_type\":\"BuildingDao, Assembly-CSharp\",\"name\":\"Base\",\"icon\":\"Images/build_Base\",\"model\":\"build_Base\",\"units\":[{\"_type\":\"WorkerDao, Assembly-CSharp\",\"name\":\"Worker\",\"icon\":\"Images/unit_Worker\",\"model\":\"unit_Worker\",\"cost\":[[{\"_type\":\"BaseMaterialDao, Assembly-CSharp\",\"name\":\"Meat\",\"icon\":\"Images/material_Meat\"},10]],\"requiredBuilding\":[],\"attack\":1,\"defense\":0,\"walkSpeed\":1,\"lifeTotal\":45,\"visionField\":2,\"trainingTime\":10,\"range\":1,\"attackSpeed\":1,\"capacityTotal\":5,\"collectSpeed\":1,\"buildingsName\":[\"Quarter\",\"Farm\",\"Mine\"]}],\"technologies\":[],\"cost\":[],\"size\":{\"x\":2,\"y\":2},\"lifeTotal\":3000,\"visionField\":3,\"requireds\":[],\"producedMaterial\":null,\"producedPerTime\":0,\"developTime\":0,\"constructed\":true},{\"_type\":\"BuildingDao, Assembly-CSharp\",\"name\":\"Quarter\",\"icon\":\"Images/build_Quarter\",\"model\":\"build_Quarter\",\"units\":[{\"_type\":\"CombatDao, Assembly-CSharp\",\"name\":\"Infantry\",\"icon\":\"Images/unit_Warrior\",\"model\":\"unit_Warrior\",\"cost\":[[{\"_type\":\"BaseMaterialDao, Assembly-CSharp\",\"name\":\"Meat\",\"icon\":\"Images/material_Meat\"},35],[{\"_type\":\"BaseMaterialDao, Assembly-CSharp\",\"name\":\"Gold\",\"icon\":\"Images/material_Gold\"},25]],\"requiredBuilding\":[],\"attack\":3,\"defense\":0,\"walkSpeed\":1,\"lifeTotal\":50,\"visionField\":2,\"trainingTime\":22,\"range\":1,\"attackSpeed\":1,\"combatType\":{\"_type\":\"CombatType, Assembly-CSharp\"}},{\"_type\":\"CombatDao, Assembly-CSharp\",\"name\":\"Archer\",\"icon\":\"Images/unit_Archer\",\"model\":\"unit_Archer\",\"cost\":[[{\"_type\":\"BaseMaterialDao, Assembly-CSharp\",\"name\":\"Meat\",\"icon\":\"Images/material_Meat\"},25],[{\"_type\":\"BaseMaterialDao, Assembly-CSharp\",\"name\":\"Gold\",\"icon\":\"Images/material_Gold\"},45]],\"requiredBuilding\":[],\"attack\":4,\"defense\":0,\"walkSpeed\":0.9,\"lifeTotal\":30,\"visionField\":2,\"trainingTime\":30,\"range\":4,\"attackSpeed\":1,\"combatType\":{\"_type\":\"CombatType, Assembly-CSharp\"}},{\"_type\":\"CombatDao, Assembly-CSharp\",\"name\":\"Cavalry\",\"icon\":\"Images/unit_Knight\",\"model\":\"unit_Knight\",\"cost\":[[{\"_type\":\"BaseMaterialDao, Assembly-CSharp\",\"name\":\"Meat\",\"icon\":\"Images/material_Meat\"},60],[{\"_type\":\"BaseMaterialDao, Assembly-CSharp\",\"name\":\"Gold\",\"icon\":\"Images/material_Gold\"},75]],\"requiredBuilding\":[],\"attack\":10,\"defense\":0,\"walkSpeed\":1.5,\"lifeTotal\":100,\"visionField\":2,\"trainingTime\":35,\"range\":1,\"attackSpeed\":1,\"combatType\":{\"_type\":\"CombatType, Assembly-CSharp\"}}],\"technologies\":[],\"cost\":[[{\"_type\":\"BaseMaterialDao, Assembly-CSharp\",\"name\":\"Gold\",\"icon\":\"Images/material_Gold\"},200]],\"size\":{\"x\":1,\"y\":1},\"lifeTotal\":1200,\"visionField\":1,\"requireds\":[],\"producedMaterial\":null,\"producedPerTime\":0,\"developTime\":50,\"constructed\":false},{\"_type\":\"BuildingDao, Assembly-CSharp\",\"name\":\"Farm\",\"icon\":\"Images/material_Meat\",\"model\":\"build_Farm\",\"units\":[],\"technologies\":[],\"cost\":[[{\"_type\":\"BaseMaterialDao, Assembly-CSharp\",\"name\":\"Gold\",\"icon\":\"Images/material_Gold\"},75]],\"size\":{\"x\":1,\"y\":1},\"lifeTotal\":500,\"visionField\":1,\"requireds\":[],\"producedMaterial\":{\"_type\":\"BaseMaterialDao, Assembly-CSharp\",\"name\":\"Meat\",\"icon\":\"Images/material_Meat\"},\"producedPerTime\":1,\"developTime\":30,\"constructed\":false},{\"_type\":\"BuildingDao, Assembly-CSharp\",\"name\":\"Mine\",\"icon\":\"Images/build_Mine\",\"model\":\"build_Mine\",\"units\":[],\"technologies\":[],\"cost\":[[{\"_type\":\"BaseMaterialDao, Assembly-CSharp\",\"name\":\"Meat\",\"icon\":\"Images/material_Meat\"},100]],\"size\":{\"x\":1,\"y\":1},\"lifeTotal\":500,\"visionField\":1,\"requireds\":[\"Gold\"],\"producedMaterial\":{\"_type\":\"BaseMaterialDao, Assembly-CSharp\",\"name\":\"Gold\",\"icon\":\"Images/material_Gold\"},\"producedPerTime\":1,\"developTime\":30,\"constructed\":false}]","units":"[{\"_type\":\"CombatDao, Assembly-CSharp\",\"name\":\"Infantry\",\"icon\":\"Images/unit_Warrior\",\"model\":\"unit_Warrior\",\"cost\":[[{\"_type\":\"BaseMaterialDao, Assembly-CSharp\",\"name\":\"Meat\",\"icon\":\"Images/material_Meat\"},35],[{\"_type\":\"BaseMaterialDao, Assembly-CSharp\",\"name\":\"Gold\",\"icon\":\"Images/material_Gold\"},25]],\"requiredBuilding\":[],\"attack\":3,\"defense\":0,\"walkSpeed\":1,\"lifeTotal\":50,\"visionField\":2,\"trainingTime\":22,\"range\":1,\"attackSpeed\":1,\"combatType\":{\"_type\":\"CombatType, Assembly-CSharp\"}},{\"_type\":\"CombatDao, Assembly-CSharp\",\"name\":\"Archer\",\"icon\":\"Images/unit_Archer\",\"model\":\"unit_Archer\",\"cost\":[[{\"_type\":\"BaseMaterialDao, Assembly-CSharp\",\"name\":\"Meat\",\"icon\":\"Images/material_Meat\"},25],[{\"_type\":\"BaseMaterialDao, Assembly-CSharp\",\"name\":\"Gold\",\"icon\":\"Images/material_Gold\"},45]],\"requiredBuilding\":[],\"attack\":4,\"defense\":0,\"walkSpeed\":0.9,\"lifeTotal\":30,\"visionField\":2,\"trainingTime\":30,\"range\":4,\"attackSpeed\":1,\"combatType\":{\"_type\":\"CombatType, Assembly-CSharp\"}},{\"_type\":\"CombatDao, Assembly-CSharp\",\"name\":\"Cavalry\",\"icon\":\"Images/unit_Knight\",\"model\":\"unit_Knight\",\"cost\":[[{\"_type\":\"BaseMaterialDao, Assembly-CSharp\",\"name\":\"Meat\",\"icon\":\"Images/material_Meat\"},60],[{\"_type\":\"BaseMaterialDao, Assembly-CSharp\",\"name\":\"Gold\",\"icon\":\"Images/material_Gold\"},75]],\"requiredBuilding\":[],\"attack\":10,\"defense\":0,\"walkSpeed\":1.5,\"lifeTotal\":100,\"visionField\":2,\"trainingTime\":35,\"range\":1,\"attackSpeed\":1,\"combatType\":{\"_type\":\"CombatType, Assembly-CSharp\"}},{\"_type\":\"WorkerDao, Assembly-CSharp\",\"name\":\"Worker\",\"icon\":\"Images/unit_Worker\",\"model\":\"unit_Worker\",\"cost\":[[{\"_type\":\"BaseMaterialDao, Assembly-CSharp\",\"name\":\"Meat\",\"icon\":\"Images/material_Meat\"},10]],\"requiredBuilding\":[],\"attack\":1,\"defense\":0,\"walkSpeed\":1,\"lifeTotal\":45,\"visionField\":2,\"trainingTime\":10,\"range\":1,\"attackSpeed\":1,\"capacityTotal\":5,\"collectSpeed\":1,\"buildingsName\":[\"Quarter\",\"Farm\",\"Mine\"]}]"}